schema_version,candidate_id,category,bound_anchor_id,parent_candidate_ids,source_observation_ids,observed_stages,last_survived_stage,evidence_by_stage,terminal_status,terminal_stage,terminal_reason,terminal_evidence
scnav_count_waterfall_v1,memory-1,chair,,"[""proposal-829e7fae22304366a3ee4821ee361b3a""]","[""obs-0145a8154e89f0c43457de27"",""canonical-57eedc98464ff758e02ea0a3""]","[""tracklets""]",tracklets,"{""tracklets"":{""source"":""object_memory_observation_lineage""}}",promoted,physical_hypotheses,,"{""child_candidate_ids"":[""obj_h0000""]}"
scnav_count_waterfall_v1,memory-10,chair,,"[""proposal-58515b015d2848c5b1e3be279ac5d362""]","[""obs-b357b6fe10fe33a1f21c5991"",""canonical-571b3837b7c3d518405ef8fe""]","[""tracklets""]",tracklets,"{""tracklets"":{""source"":""object_memory_observation_lineage""}}",promoted,physical_hypotheses,,"{""child_candidate_ids"":[""obj_h0001""]}"
scnav_count_waterfall_v1,memory-12,chair,,"[""proposal-579a7f0c01714b44aedce510fbc14cf8""]","[""obs-c80d937b71ced37c91b42425"",""canonical-2a9ee148494e59772e8ced91"",""obs-16991fe6afd8782c15b36157""]","[""tracklets""]",tracklets,"{""tracklets"":{""source"":""object_memory_observation_lineage""}}",promoted,physical_hypotheses,,"{""child_candidate_ids"":[""obj_h0002""]}"
scnav_count_waterfall_v1,memory-13,chair,,"[""proposal-688a0286f7e2475cbb284f390a9974e7""]","[""obs-2d7758c319830e0fabe066ea"",""canonical-fbe9addeced63789f1fbb1ee""]","[""tracklets""]",tracklets,"{""tracklets"":{""source"":""object_memory_observation_lineage""}}",promoted,physical_hypotheses,,"{""child_candidate_ids"":[""obj_h0003""]}"
scnav_count_waterfall_v1,memory-15,chair,,"[""proposal-14827cddc7ab4c62ad2967b87ce74eab""]","[""canonical-8f467189c65fc966c52a0bdb"",""obs-01586f4b863ce083ff2dd0af""]","[""tracklets""]",tracklets,"{""tracklets"":{""source"":""object_memory_observation_lineage""}}",promoted,physical_hypotheses,,"{""child_candidate_ids"":[""obj_h0004""]}"
scnav_count_waterfall_v1,memory-17,chair,,"[""proposal-10f9ae92255c4153add1f99e17bd4206""]","[""canonical-6d9ff046b79e452f52aaf66e"",""obs-0b371f93a8ed73ab8059ff47"",""obs-889b3218a09fe161b0809b41""]","[""tracklets""]",tracklets,"{""tracklets"":{""source"":""object_memory_observation_lineage""}}",promoted,physical_hypotheses,,"{""child_candidate_ids"":[""obj_h0005""]}"
scnav_count_waterfall_v1,memory-18,chair,,"[""proposal-55662720bba34bb89651f982af7ec64a""]","[""canonical-83fd695b1565decec67c6449"",""obs-37922bfc6e909e31441d541c""]","[""tracklets""]",tracklets,"{""tracklets"":{""source"":""object_memory_observation_lineage""}}",promoted,physical_hypotheses,,"{""child_candidate_ids"":[""obj_h0006""]}"
scnav_count_waterfall_v1,memory-6,chair,,"[""proposal-7dbf0bddf9c44df2bd2eb53e818c7a3c"",""proposal-2f338306e0af4aa3a2467632b3243681""]","[""obs-5c4ab9f904c6d7c41f182098"",""canonical-ea1a31c41c81214f48f0e1f4"",""obs-70c290f18dc0660f17e9b8d5"",""canonical-7e04908f0065f3547c3f141b""]","[""tracklets""]",tracklets,"{""tracklets"":{""source"":""object_memory_observation_lineage""}}",promoted,physical_hypotheses,,"{""child_candidate_ids"":[""obj_h0007""]}"
scnav_count_waterfall_v1,memory-7,chair,,"[""proposal-7ae5cd0d0bc94beab7fd5a7c0eb0d711""]","[""canonical-2c01d4dfa3e58cb795110797"",""obs-d85186c68a3f20e80972c49c""]","[""tracklets""]",tracklets,"{""tracklets"":{""source"":""object_memory_observation_lineage""}}",promoted,physical_hypotheses,,"{""child_candidate_ids"":[""obj_h0008""]}"
scnav_count_waterfall_v1,memory-8,chair,,"[""proposal-2c8d913e9f4a4668a7993e7ab7e9bb33""]","[""canonical-f951e903443bafc3e52253ba"",""obs-c09014beb8a2a76cd142236c""]","[""tracklets""]",tracklets,"{""tracklets"":{""source"":""object_memory_observation_lineage""}}",promoted,physical_hypotheses,,"{""child_candidate_ids"":[""obj_h0009""]}"
scnav_count_waterfall_v1,memory-9,chair,,"[""proposal-066f3e6724f24bc78655029f2b83f499""]","[""canonical-38645f44f6417a4943f69ade"",""obs-773a6ee862ea0d695745cab7"",""obs-44c39445837e922e1f51a879""]","[""tracklets""]",tracklets,"{""tracklets"":{""source"":""object_memory_observation_lineage""}}",promoted,physical_hypotheses,,"{""child_candidate_ids"":[""obj_h0010""]}"
scnav_count_waterfall_v1,obj_h0000,chair,3,"[""memory-1""]","[""canonical-57eedc98464ff758e02ea0a3""]","[""physical_hypotheses""]",physical_hypotheses,"{""physical_hypotheses"":{""confirmation_mode"":""rejected"",""confirmation_profile"":""general"",""p_class"":0.2631072998046875,""p_exist"":0.6166222495896665}}",eliminated,confirmed_hypotheses,physical_hypothesis_rejected,"{""confirmation_mode"":""rejected"",""reasons"":[""existence_or_category_rejected""]}"
scnav_count_waterfall_v1,obj_h0001,chair,3,"[""memory-10""]","[""panorama@1785259707.696271896:328b33232c27c08c:6e95956f87ee661d22861fca""]","[""physical_hypotheses""]",physical_hypotheses,"{""physical_hypotheses"":{""confirmation_mode"":""rejected"",""confirmation_profile"":""general"",""p_class"":0.5514864921569824,""p_exist"":0.2815689591701749}}",eliminated,confirmed_hypotheses,physical_hypothesis_rejected,"{""confirmation_mode"":""rejected"",""reasons"":[""existence_or_category_rejected""]}"
scnav_count_waterfall_v1,obj_h0002,chair,3,"[""memory-12""]","[""panorama@1785259707.696271896:328b33232c27c08c:953f51083ef2096f45728b09""]","[""physical_hypotheses""]",physical_hypotheses,"{""physical_hypotheses"":{""confirmation_mode"":""provisional"",""confirmation_profile"":""general"",""p_class"":0.6689453125,""p_exist"":0.3842603539604478}}",eliminated,confirmed_hypotheses,provisional_only,"{""confirmation_mode"":""provisional"",""reasons"":[""insufficient_category_aware_confirmation_evidence""]}"
scnav_count_waterfall_v1,obj_h0003,chair,3,"[""memory-13""]","[""panorama@1785259707.696271896:328b33232c27c08c:9559eff6882d5a6dbcf53bcb""]","[""physical_hypotheses""]",physical_hypotheses,"{""physical_hypotheses"":{""confirmation_mode"":""rejected"",""confirmation_profile"":""general"",""p_class"":0.21250298619270325,""p_exist"":0.4690025910390532}}",eliminated,confirmed_hypotheses,physical_hypothesis_rejected,"{""confirmation_mode"":""rejected"",""reasons"":[""existence_or_category_rejected""]}"
scnav_count_waterfall_v1,obj_h0004,chair,3,"[""memory-15""]","[""panorama@1785259707.696271896:328b33232c27c08c:b5967bb1e9fd68410cc13276""]","[""physical_hypotheses""]",physical_hypotheses,"{""physical_hypotheses"":{""confirmation_mode"":""rejected"",""confirmation_profile"":""general"",""p_class"":0.512073278427124,""p_exist"":0.27729221088283973}}",eliminated,confirmed_hypotheses,physical_hypothesis_rejected,"{""confirmation_mode"":""rejected"",""reasons"":[""existence_or_category_rejected""]}"
scnav_count_waterfall_v1,obj_h0005,chair,3,"[""memory-17""]","[""panorama@1785259707.696271896:328b33232c27c08c:bb1c7cc5b0f806fa81fb3d0d""]","[""physical_hypotheses""]",physical_hypotheses,"{""physical_hypotheses"":{""confirmation_mode"":""provisional"",""confirmation_profile"":""general"",""p_class"":0.5165873169898987,""p_exist"":0.37078633230154157}}",eliminated,confirmed_hypotheses,provisional_only,"{""confirmation_mode"":""provisional"",""reasons"":[""insufficient_category_aware_confirmation_evidence""]}"
scnav_count_waterfall_v1,obj_h0006,chair,3,"[""memory-18""]","[""panorama@1785259707.696271896:328b33232c27c08c:c831360c8c87a091868df88a""]","[""physical_hypotheses""]",physical_hypotheses,"{""physical_hypotheses"":{""confirmation_mode"":""provisional"",""confirmation_profile"":""general"",""p_class"":0.3757624328136444,""p_exist"":0.4445616708597828}}",eliminated,confirmed_hypotheses,provisional_only,"{""confirmation_mode"":""provisional"",""reasons"":[""insufficient_category_aware_confirmation_evidence""]}"
scnav_count_waterfall_v1,obj_h0007,chair,3,"[""memory-6""]","[""canonical-ea1a31c41c81214f48f0e1f4"",""panorama@1785259707.696271896:328b33232c27c08c:767c608dbc4630122462037b""]","[""physical_hypotheses"",""confirmed_hypotheses""]",confirmed_hypotheses,"{""confirmed_hypotheses"":{""confirmation_mode"":""multiview_confirmed"",""reasons"":[""independent_multiview_confirmation""]},""physical_hypotheses"":{""confirmation_mode"":""multiview_confirmed"",""confirmation_profile"":""general"",""p_class"":0.4338743777112142,""p_exist"":0.8149656116176579}}",eliminated,relation_true_hypotheses,relation_unknown,"{""relation_evidence"":[{""evidence_mass"":0.0,""independent_view_count"":0,""negative_mass"":0.0,""observability"":0.0,""positive_mass"":0.0,""posterior"":0.0,""relation_type"":""on"",""state"":""unknown""}]}"
scnav_count_waterfall_v1,obj_h0008,chair,3,"[""memory-7""]","[""panorama@1785259707.696271896:328b33232c27c08c:02240b28377b67e8e3d5b909""]","[""physical_hypotheses""]",physical_hypotheses,"{""physical_hypotheses"":{""confirmation_mode"":""rejected"",""confirmation_profile"":""general"",""p_class"":0.5661351084709167,""p_exist"":0.2781798631060537}}",eliminated,confirmed_hypotheses,physical_hypothesis_rejected,"{""confirmation_mode"":""rejected"",""reasons"":[""existence_or_category_rejected""]}"
scnav_count_waterfall_v1,obj_h0009,chair,3,"[""memory-8""]","[""panorama@1785259707.696271896:328b33232c27c08c:43e88d3d68dcc9cd1e998ea5""]","[""physical_hypotheses""]",physical_hypotheses,"{""physical_hypotheses"":{""confirmation_mode"":""rejected"",""confirmation_profile"":""general"",""p_class"":0.20063282549381256,""p_exist"":0.5286965506536199}}",eliminated,confirmed_hypotheses,physical_hypothesis_rejected,"{""confirmation_mode"":""rejected"",""reasons"":[""existence_or_category_rejected""]}"
scnav_count_waterfall_v1,obj_h0010,chair,3,"[""memory-9""]","[""panorama@1785259707.696271896:328b33232c27c08c:48c09d5007f846aaf376116a""]","[""physical_hypotheses""]",physical_hypotheses,"{""physical_hypotheses"":{""confirmation_mode"":""provisional"",""confirmation_profile"":""general"",""p_class"":0.5179432034492493,""p_exist"":0.3751078788060851}}",eliminated,confirmed_hypotheses,provisional_only,"{""confirmation_mode"":""provisional"",""reasons"":[""insufficient_category_aware_confirmation_evidence""]}"
scnav_count_waterfall_v1,proposal-000a6244dac54a9e9323ae6bc8d3f142,chair,,[],[],"[""raw_local_proposals""]",raw_local_proposals,"{""raw_local_proposals"":{""context"":{""observation_id"":null,""source_frame_id"":null,""source_view_id"":""p00_y03""},""proposal_lineage"":[{""backend"":""yolo_world_local"",""bbox"":[0.0797363,0.5098958,0.1592773,0.6729167],""confidence"":0.46875,""disposition"":""retained"",""label"":""chair"",""proposal_id"":""proposal-000a6244dac54a9e9323ae6bc8d3f142"",""reason"":""raw_proposal"",""source"":""fixed_vocabulary_detector""},{""backend"":""yolo_world_local"",""bbox"":[0.0797363,0.5098958,0.1592773,0.6729167],""box_iou"":0.8807488,""confidence"":0.46875,""disposition"":""suppressed_as_duplicate"",""label"":""chair"",""proposal_id"":""proposal-000a6244dac54a9e9323ae6bc8d3f142"",""reason"":""box_iou_before_mask_union"",""source"":""fixed_vocabulary_detector""}]}}",eliminated,after_duplicate_suppression,suppressed_as_duplicate,"{""proposal_lineage"":[{""backend"":""yolo_world_local"",""bbox"":[0.0797363,0.5098958,0.1592773,0.6729167],""confidence"":0.46875,""disposition"":""retained"",""label"":""chair"",""proposal_id"":""proposal-000a6244dac54a9e9323ae6bc8d3f142"",""reason"":""raw_proposal"",""source"":""fixed_vocabulary_detector""},{""backend"":""yolo_world_local"",""bbox"":[0.0797363,0.5098958,0.1592773,0.6729167],""box_iou"":0.8807488,""confidence"":0.46875,""disposition"":""suppressed_as_duplicate"",""label"":""chair"",""proposal_id"":""proposal-000a6244dac54a9e9323ae6bc8d3f142"",""reason"":""box_iou_before_mask_union"",""source"":""fixed_vocabulary_detector""}]}"
scnav_count_waterfall_v1,proposal-01434213a93d428181e773dd2270adf8,chair,,[],[],"[""raw_local_proposals""]",raw_local_proposals,"{""raw_local_proposals"":{""context"":{""observation_id"":null,""source_frame_id"":null,""source_view_id"":""p00_y02""},""proposal_lineage"":[{""backend"":""yolo_world_local"",""bbox"":[0.5398437,0.5078125,0.5964844,0.640625],""confidence"":0.10821533203125,""disposition"":""retained"",""label"":""chair"",""proposal_id"":""proposal-01434213a93d428181e773dd2270adf8"",""reason"":""raw_proposal"",""source"":""fixed_vocabulary_detector""},{""backend"":""yolo_world_local"",""bbox"":[0.5398437,0.5078125,0.5964844,0.640625],""box_iou"":0.8258719,""confidence"":0.10821533203125,""disposition"":""suppressed_as_duplicate"",""label"":""chair"",""proposal_id"":""proposal-01434213a93d428181e773dd2270adf8"",""reason"":""box_iou_before_mask_union"",""source"":""fixed_vocabulary_detector""}]}}",eliminated,after_duplicate_suppression,suppressed_as_duplicate,"{""proposal_lineage"":[{""backend"":""yolo_world_local"",""bbox"":[0.5398437,0.5078125,0.5964844,0.640625],""confidence"":0.10821533203125,""disposition"":""retained"",""label"":""chair"",""proposal_id"":""proposal-01434213a93d428181e773dd2270adf8"",""reason"":""raw_proposal"",""source"":""fixed_vocabulary_detector""},{""backend"":""yolo_world_local"",""bbox"":[0.5398437,0.5078125,0.5964844,0.640625],""box_iou"":0.8258719,""confidence"":0.10821533203125,""disposition"":""suppressed_as_duplicate"",""label"":""chair"",""proposal_id"":""proposal-01434213a93d428181e773dd2270adf8"",""reason"":""box_iou_before_mask_union"",""source"":""fixed_vocabulary_detector""}]}"
scnav_count_waterfall_v1,proposal-05490dbeab6c459c944e780439021508,chair,,[],[],"[""raw_local_proposals""]",raw_local_proposals,"{""raw_local_proposals"":{""context"":{""observation_id"":null,""source_frame_id"":null,""source_view_id"":""p00_y02""},""proposal_lineage"":[{""backend"":""groundingdino_local"",""bbox"":[0.5386573,0.5035753,0.5876284,0.6193017],""confidence"":0.2927021086215973,""disposition"":""retained"",""label"":""chair"",""proposal_id"":""proposal-05490dbeab6c459c944e780439021508"",""reason"":""raw_proposal"",""source"":""open_vocabulary_detector""},{""backend"":""groundingdino_local"",""bbox"":[0.5386573,0.5035753,0.5876284,0.6193017],""box_iou"":0.6818474,""confidence"":0.2927021086215973,""disposition"":""suppressed_as_duplicate"",""label"":""chair"",""proposal_id"":""proposal-05490dbeab6c459c944e780439021508"",""reason"":""box_iou_before_mask_union"",""source"":""open_vocabulary_detector""}]}}",eliminated,after_duplicate_suppression,suppressed_as_duplicate,"{""proposal_lineage"":[{""backend"":""groundingdino_local"",""bbox"":[0.5386573,0.5035753,0.5876284,0.6193017],""confidence"":0.2927021086215973,""disposition"":""retained"",""label"":""chair"",""proposal_id"":""proposal-05490dbeab6c459c944e780439021508"",""reason"":""raw_proposal"",""source"":""open_vocabulary_detector""},{""backend"":""groundingdino_local"",""bbox"":[0.5386573,0.5035753,0.5876284,0.6193017],""box_iou"":0.6818474,""confidence"":0.2927021086215973,""disposition"":""suppressed_as_duplicate"",""label"":""chair"",""proposal_id"":""proposal-05490dbeab6c459c944e780439021508"",""reason"":""box_iou_before_mask_union"",""source"":""open_vocabulary_detector""}]}"
scnav_count_waterfall_v1,proposal-066f3e6724f24bc78655029f2b83f499,chair,,[],[],"[""raw_local_proposals"",""after_duplicate_suppression"",""after_mask_split""]",after_mask_split,"{""after_duplicate_suppression"":{""proposal_sources"":[""open_vocabulary_detector""]},""after_mask_split"":{""mask_id"":""sam:p00_y02:3:17b518e5af868079979a"",""mask_quality"":0.6423549627465724},""raw_local_proposals"":{""context"":{""observation_id"":""obs-773a6ee862ea0d695745cab7"",""source_frame_id"":""panorama@1785259707.696271896"",""source_view_id"":""p00_y02""},""proposal_lineage"":[{""backend"":""groundingdino_local"",""bbox"":[0.4004043,0.4975965,0.44871,0.6431421],""confidence"":0.5179432034492493,""disposition"":""retained"",""label"":""chair"",""proposal_id"":""proposal-066f3e6724f24bc78655029f2b83f499"",""reason"":""raw_proposal"",""source"":""open_vocabulary_detector""}]}}",promoted,tracklets,,"{""child_candidate_ids"":[""memory-9""],""observation_ids"":[""canonical-38645f44f6417a4943f69ade"",""obs-44c39445837e922e1f51a879"",""obs-773a6ee862ea0d695745cab7""]}"
scnav_count_waterfall_v1,proposal-0a56ec1a0c0041179dac26b8465eefa4,chair,,[],[],"[""raw_local_proposals"",""after_duplicate_suppression"",""after_mask_split""]",after_mask_split,"{""after_duplicate_suppression"":{""proposal_sources"":[""fixed_vocabulary_detector""]},""after_mask_split"":{""mask_id"":null,""mask_quality"":null},""raw_local_proposals"":{""context"":{""observation_id"":null,""source_frame_id"":null,""source_view_id"":""p00_y04""},""proposal_lineage"":[{""backend"":""yolo_world_local"",""bbox"":[0.0,0.4734375,0.3748047,1.0],""confidence"":0.74755859375,""disposition"":""retained"",""label"":""chair"",""proposal_id"":""proposal-0a56ec1a0c0041179dac26b8465eefa4"",""reason"":""raw_proposal"",""source"":""fixed_vocabulary_detector""}]}}",eliminated,tracklets,invalid_depth,"{""provisional_reason"":""insufficient_mask_point_support""}"
scnav_count_waterfall_v1,proposal-10f9ae92255c4153add1f99e17bd4206,chair,,[],[],"[""raw_local_proposals"",""after_duplicate_suppression"",""after_mask_split""]",after_mask_split,"{""after_duplicate_suppression"":{""proposal_sources"":[""open_vocabulary_detector"",""fixed_vocabulary_detector""]},""after_mask_split"":{""mask_id"":""sam:p00_y02:9:ccf66e1eb3c7026847a8"",""mask_quality"":0.6262097973592432},""raw_local_proposals"":{""context"":{""observation_id"":""obs-889b3218a09fe161b0809b41"",""source_frame_id"":""panorama@1785259707.696271896"",""source_view_id"":""p00_y02""},""proposal_lineage"":[{""backend"":""groundingdino_local"",""bbox"":[0.3355453,0.5028721,0.3895861,0.6561602],""confidence"":0.5165873169898987,""disposition"":""retained"",""label"":""chair"",""proposal_id"":""proposal-10f9ae92255c4153add1f99e17bd4206"",""reason"":""raw_proposal"",""source"":""open_vocabulary_detector""}]}}",promoted,tracklets,,"{""child_candidate_ids"":[""memory-17""],""observation_ids"":[""canonical-6d9ff046b79e452f52aaf66e"",""obs-0b371f93a8ed73ab8059ff47"",""obs-889b3218a09fe161b0809b41""]}"
scnav_count_waterfall_v1,proposal-14827cddc7ab4c62ad2967b87ce74eab,chair,,[],[],"[""raw_local_proposals"",""after_duplicate_suppression"",""after_mask_split""]",after_mask_split,"{""after_duplicate_suppression"":{""proposal_sources"":[""open_vocabulary_detector""]},""after_mask_split"":{""mask_id"":""sam:p00_y02:16:7db6b95331bd6aefe1ab"",""mask_quality"":0.3640844957720065},""raw_local_proposals"":{""context"":{""observation_id"":""obs-01586f4b863ce083ff2dd0af"",""source_frame_id"":""panorama@1785259707.696271896"",""source_view_id"":""p00_y02""},""proposal_lineage"":[{""backend"":""groundingdino_local"",""bbox"":[0.322471,0.4771839,0.36915,0.6241391],""confidence"":0.512073278427124,""disposition"":""retained"",""label"":""chair"",""proposal_id"":""proposal-14827cddc7ab4c62ad2967b87ce74eab"",""reason"":""raw_proposal"",""source"":""open_vocabulary_detector""}]}}",promoted,tracklets,,"{""child_candidate_ids"":[""memory-15""],""observation_ids"":[""canonical-8f467189c65fc966c52a0bdb"",""obs-01586f4b863ce083ff2dd0af""]}"
scnav_count_waterfall_v1,proposal-148d5276beec420b8c4df71c7d668eb7,chair,,[],[],"[""raw_local_proposals""]",raw_local_proposals,"{""raw_local_proposals"":{""context"":{""observation_id"":""obs-37922bfc6e909e31441d541c"",""source_frame_id"":""panorama@1785259707.696271896"",""source_view_id"":""p00_y03""},""proposal_lineage"":[{""backend"":""groundingdino_local"",""bbox"":[0.2948212,0.4473736,0.6125639,0.9721123],""confidence"":0.22421854734420776,""disposition"":""retained"",""label"":""chair"",""proposal_id"":""proposal-148d5276beec420b8c4df71c7d668eb7"",""reason"":""raw_proposal"",""source"":""open_vocabulary_detector""},{""backend"":""groundingdino_local"",""bbox"":[0.2948212,0.4473736,0.6125639,0.9721123],""box_iou"":0.6766215,""confidence"":0.22421854734420776,""disposition"":""suppressed_as_duplicate"",""label"":""chair"",""proposal_id"":""proposal-148d5276beec420b8c4df71c7d668eb7"",""reason"":""box_iou_before_mask_union"",""source"":""open_vocabulary_detector""}]}}",eliminated,after_duplicate_suppression,suppressed_as_duplicate,"{""proposal_lineage"":[{""backend"":""groundingdino_local"",""bbox"":[0.2948212,0.4473736,0.6125639,0.9721123],""confidence"":0.22421854734420776,""disposition"":""retained"",""label"":""chair"",""proposal_id"":""proposal-148d5276beec420b8c4df71c7d668eb7"",""reason"":""raw_proposal"",""source"":""open_vocabulary_detector""},{""backend"":""groundingdino_local"",""bbox"":[0.2948212,0.4473736,0.6125639,0.9721123],""box_iou"":0.6766215,""confidence"":0.22421854734420776,""disposition"":""suppressed_as_duplicate"",""label"":""chair"",""proposal_id"":""proposal-148d5276beec420b8c4df71c7d668eb7"",""reason"":""box_iou_before_mask_union"",""source"":""open_vocabulary_detector""}]}"
scnav_count_waterfall_v1,proposal-18e45e8b1f8b455db06df10d73b11614,chair,,[],[],"[""raw_local_proposals"",""after_duplicate_suppression"",""after_mask_split""]",after_mask_split,"{""after_duplicate_suppression"":{""proposal_sources"":[""open_vocabulary_detector""]},""after_mask_split"":{""mask_id"":null,""mask_quality"":null},""raw_local_proposals"":{""context"":{""observation_id"":null,""source_frame_id"":null,""source_view_id"":""p00_y00""},""proposal_lineage"":[{""backend"":""groundingdino_local"",""bbox"":[0.0,0.6758431,0.0195429,0.9962353],""confidence"":0.21837998926639557,""disposition"":""retained"",""label"":""chair"",""proposal_id"":""proposal-18e45e8b1f8b455db06df10d73b11614"",""reason"":""raw_proposal"",""source"":""open_vocabulary_detector""}]}}",eliminated,tracklets,invalid_depth,"{""provisional_reason"":""insufficient_mask_point_support""}"
scnav_count_waterfall_v1,proposal-1a9647db2afe42d69df93585f459af70,chair,,[],[],"[""raw_local_proposals""]",raw_local_proposals,"{""raw_local_proposals"":{""context"":{""observation_id"":""obs-c80d937b71ced37c91b42425"",""source_frame_id"":""panorama@1785259707.696271896"",""source_view_id"":""p00_y02""},""proposal_lineage"":[{""backend"":""groundingdino_local"",""bbox"":[0.2621993,0.5047278,0.3149755,0.6343732],""confidence"":0.26496896147727966,""disposition"":""retained"",""label"":""chair"",""proposal_id"":""proposal-1a9647db2afe42d69df93585f459af70"",""reason"":""raw_proposal"",""source"":""open_vocabulary_detector""},{""backend"":""groundingdino_local"",""bbox"":[0.2621993,0.5047278,0.3149755,0.6343732],""box_iou"":0.6629083,""confidence"":0.26496896147727966,""disposition"":""suppressed_as_duplicate"",""label"":""chair"",""proposal_id"":""proposal-1a9647db2afe42d69df93585f459af70"",""reason"":""box_iou_before_mask_union"",""source"":""open_vocabulary_detector""}]}}",eliminated,after_duplicate_suppression,suppressed_as_duplicate,"{""proposal_lineage"":[{""backend"":""groundingdino_local"",""bbox"":[0.2621993,0.5047278,0.3149755,0.6343732],""confidence"":0.26496896147727966,""disposition"":""retained"",""label"":""chair"",""proposal_id"":""proposal-1a9647db2afe42d69df93585f459af70"",""reason"":""raw_proposal"",""source"":""open_vocabulary_detector""},{""backend"":""groundingdino_local"",""bbox"":[0.2621993,0.5047278,0.3149755,0.6343732],""box_iou"":0.6629083,""confidence"":0.26496896147727966,""disposition"":""suppressed_as_duplicate"",""label"":""chair"",""proposal_id"":""proposal-1a9647db2afe42d69df93585f459af70"",""reason"":""box_iou_before_mask_union"",""source"":""open_vocabulary_detector""}]}"
scnav_count_waterfall_v1,proposal-1ff70b822b2e4e34bc60d7938c043265,chair,,[],[],"[""raw_local_proposals""]",raw_local_proposals,"{""raw_local_proposals"":{""context"":{""observation_id"":null,""source_frame_id"":null,""source_view_id"":""p00_y04""},""proposal_lineage"":[{""backend"":""yolo_world_local"",""bbox"":[0.496875,0.4619792,0.6542969,0.7729167],""confidence"":0.947265625,""disposition"":""retained"",""label"":""chair"",""proposal_id"":""proposal-1ff70b822b2e4e34bc60d7938c043265"",""reason"":""raw_proposal"",""source"":""fixed_vocabulary_detector""},{""backend"":""yolo_world_local"",""bbox"":[0.496875,0.4619792,0.6542969,0.7729167],""box_iou"":0.9686065,""confidence"":0.947265625,""disposition"":""suppressed_as_duplicate"",""label"":""chair"",""proposal_id"":""proposal-1ff70b822b2e4e34bc60d7938c043265"",""reason"":""box_iou_before_mask_union"",""source"":""fixed_vocabulary_detector""}]}}",eliminated,after_duplicate_suppression,suppressed_as_duplicate,"{""proposal_lineage"":[{""backend"":""yolo_world_local"",""bbox"":[0.496875,0.4619792,0.6542969,0.7729167],""confidence"":0.947265625,""disposition"":""retained"",""label"":""chair"",""proposal_id"":""proposal-1ff70b822b2e4e34bc60d7938c043265"",""reason"":""raw_proposal"",""source"":""fixed_vocabulary_detector""},{""backend"":""yolo_world_local"",""bbox"":[0.496875,0.4619792,0.6542969,0.7729167],""box_iou"":0.9686065,""confidence"":0.947265625,""disposition"":""suppressed_as_duplicate"",""label"":""chair"",""proposal_id"":""proposal-1ff70b822b2e4e34bc60d7938c043265"",""reason"":""box_iou_before_mask_union"",""source"":""fixed_vocabulary_detector""}]}"
scnav_count_waterfall_v1,proposal-20aefad1d2f24e0181ece6e1ad93affa,chair,,[],[],"[""raw_local_proposals"",""after_duplicate_suppression"",""after_mask_split""]",after_mask_split,"{""after_duplicate_suppression"":{""proposal_sources"":[""open_vocabulary_detector"",""fixed_vocabulary_detector""]},""after_mask_split"":{""mask_id"":null,""mask_quality"":null},""raw_local_proposals"":{""context"":{""observation_id"":null,""source_frame_id"":null,""source_view_id"":""p00_y02""},""proposal_lineage"":[{""backend"":""groundingdino_local"",""bbox"":[0.4276901,0.5065599,0.4777875,0.6485942],""confidence"":0.5486723780632019,""disposition"":""retained"",""label"":""chair"",""proposal_id"":""proposal-20aefad1d2f24e0181ece6e1ad93affa"",""reason"":""raw_proposal"",""source"":""open_vocabulary_detector""}]}}",eliminated,tracklets,insufficient_cluster_support,"{""provisional_reason"":""insufficient_cluster_support""}"
scnav_count_waterfall_v1,proposal-296c3f574e34490ca2576ea489c20a08,chair,,[],[],"[""raw_local_proposals"",""after_duplicate_suppression"",""after_mask_split""]",after_mask_split,"{""after_duplicate_suppression"":{""proposal_sources"":[""open_vocabulary_detector"",""fixed_vocabulary_detector""]},""after_mask_split"":{""mask_id"":null,""mask_quality"":null},""raw_local_proposals"":{""context"":{""observation_id"":null,""source_frame_id"":null,""source_view_id"":""p00_y03""},""proposal_lineage"":[{""backend"":""groundingdino_local"",""bbox"":[0.2925408,0.4787056,0.7953937,0.9997665],""confidence"":0.20737765729427338,""disposition"":""retained"",""label"":""chair"",""proposal_id"":""proposal-296c3f574e34490ca2576ea489c20a08"",""reason"":""raw_proposal"",""source"":""open_vocabulary_detector""}]}}",eliminated,tracklets,invalid_depth,"{""provisional_reason"":""insufficient_mask_point_support""}"
scnav_count_waterfall_v1,proposal-2c47c24169d14e4585addf40c1288ad1,chair,,[],[],"[""raw_local_proposals""]",raw_local_proposals,"{""raw_local_proposals"":{""context"":{""observation_id"":null,""source_frame_id"":null,""source_view_id"":""p00_y02""},""proposal_lineage"":[{""backend"":""groundingdino_local"",""bbox"":[0.4225394,0.5041634,0.4815843,0.6263419],""confidence"":0.2943798303604126,""disposition"":""retained"",""label"":""chair"",""proposal_id"":""proposal-2c47c24169d14e4585addf40c1288ad1"",""reason"":""raw_proposal"",""source"":""open_vocabulary_detector""},{""backend"":""groundingdino_local"",""bbox"":[0.4225394,0.5041634,0.4815843,0.6263419],""box_iou"":0.7204845,""confidence"":0.2943798303604126,""disposition"":""suppressed_as_duplicate"",""label"":""chair"",""proposal_id"":""proposal-2c47c24169d14e4585addf40c1288ad1"",""reason"":""box_iou_before_mask_union"",""source"":""open_vocabulary_detector""}]}}",eliminated,after_duplicate_suppression,suppressed_as_duplicate,"{""proposal_lineage"":[{""backend"":""groundingdino_local"",""bbox"":[0.4225394,0.5041634,0.4815843,0.6263419],""confidence"":0.2943798303604126,""disposition"":""retained"",""label"":""chair"",""proposal_id"":""proposal-2c47c24169d14e4585addf40c1288ad1"",""reason"":""raw_proposal"",""source"":""open_vocabulary_detector""},{""backend"":""groundingdino_local"",""bbox"":[0.4225394,0.5041634,0.4815843,0.6263419],""box_iou"":0.7204845,""confidence"":0.2943798303604126,""disposition"":""suppressed_as_duplicate"",""label"":""chair"",""proposal_id"":""proposal-2c47c24169d14e4585addf40c1288ad1"",""reason"":""box_iou_before_mask_union"",""source"":""open_vocabulary_detector""}]}"
scnav_count_waterfall_v1,proposal-2c8d913e9f4a4668a7993e7ab7e9bb33,chair,,[],[],"[""raw_local_proposals"",""after_duplicate_suppression"",""after_mask_split""]",after_mask_split,"{""after_duplicate_suppression"":{""proposal_sources"":[""open_vocabulary_detector""]},""after_mask_split"":{""mask_id"":""sam:p00_y00:4:03fd65a54550b8e4609a"",""mask_quality"":0.5884520779692168},""raw_local_proposals"":{""context"":{""observation_id"":""obs-c09014beb8a2a76cd142236c"",""source_frame_id"":""panorama@1785259707.696271896"",""source_view_id"":""p00_y00""},""proposal_lineage"":[{""backend"":""groundingdino_local"",""bbox"":[0.2853952,0.0,0.577041,0.7318695],""confidence"":0.20063282549381256,""disposition"":""retained"",""label"":""chair"",""proposal_id"":""proposal-2c8d913e9f4a4668a7993e7ab7e9bb33"",""reason"":""raw_proposal"",""source"":""open_vocabulary_detector""}]}}",promoted,tracklets,,"{""child_candidate_ids"":[""memory-8""],""observation_ids"":[""canonical-f951e903443bafc3e52253ba"",""obs-c09014beb8a2a76cd142236c""]}"
scnav_count_waterfall_v1,proposal-2f338306e0af4aa3a2467632b3243681,chair,,[],[],"[""raw_local_proposals"",""after_duplicate_suppression"",""after_mask_split""]",after_mask_split,"{""after_duplicate_suppression"":{""proposal_sources"":[""open_vocabulary_detector""]},""after_mask_split"":{""mask_id"":""sam:p00_y00:3:ac19ff158d136e2616a0"",""mask_quality"":0.8964356759904593},""raw_local_proposals"":{""context"":{""observation_id"":""obs-70c290f18dc0660f17e9b8d5"",""source_frame_id"":""panorama@1785259707.696271896"",""source_view_id"":""p00_y00""},""proposal_lineage"":[{""backend"":""groundingdino_local"",""bbox"":[0.6848642,0.6363233,0.9999593,0.9994346],""confidence"":0.233183816075325,""disposition"":""retained"",""label"":""chair"",""proposal_id"":""proposal-2f338306e0af4aa3a2467632b3243681"",""reason"":""raw_proposal"",""source"":""open_vocabulary_detector""}]}}",promoted,tracklets,,"{""child_candidate_ids"":[""memory-6""],""observation_ids"":[""canonical-7e04908f0065f3547c3f141b"",""obs-70c290f18dc0660f17e9b8d5""]}"
scnav_count_waterfall_v1,proposal-318136ae813845f5959b437b8e823c86,chair,,[],[],"[""raw_local_proposals"",""after_duplicate_suppression"",""after_mask_split""]",after_mask_split,"{""after_duplicate_suppression"":{""proposal_sources"":[""open_vocabulary_detector"",""fixed_vocabulary_detector""]},""after_mask_split"":{""mask_id"":null,""mask_quality"":null},""raw_local_proposals"":{""context"":{""observation_id"":null,""source_frame_id"":null,""source_view_id"":""p00_y04""},""proposal_lineage"":[{""backend"":""groundingdino_local"",""bbox"":[0.7959123,0.4945139,1.0,0.996866],""confidence"":0.6798065304756165,""disposition"":""retained"",""label"":""chair"",""proposal_id"":""proposal-318136ae813845f5959b437b8e823c86"",""reason"":""raw_proposal"",""source"":""open_vocabulary_detector""}]}}",eliminated,tracklets,invalid_depth,"{""provisional_reason"":""insufficient_mask_point_support""}"
scnav_count_waterfall_v1,proposal-337840b7b9564ff9b881ad04c55d8120,chair,,[],[],"[""raw_local_proposals"",""after_duplicate_suppression"",""after_mask_split""]",after_mask_split,"{""after_duplicate_suppression"":{""proposal_sources"":[""open_vocabulary_detector"",""fixed_vocabulary_detector""]},""after_mask_split"":{""mask_id"":null,""mask_quality"":null},""raw_local_proposals"":{""context"":{""observation_id"":null,""source_frame_id"":null,""source_view_id"":""p00_y02""},""proposal_lineage"":[{""backend"":""groundingdino_local"",""bbox"":[0.5442627,0.5082389,0.5932954,0.634944],""confidence"":0.546917200088501,""disposition"":""retained"",""label"":""chair"",""proposal_id"":""proposal-337840b7b9564ff9b881ad04c55d8120"",""reason"":""raw_proposal"",""source"":""open_vocabulary_detector""}]}}",eliminated,tracklets,invalid_depth,"{""provisional_reason"":""insufficient_mask_point_support""}"
scnav_count_waterfall_v1,proposal-37109434979b411489e0f52d7d7fb1bb,chair,,[],[],"[""raw_local_proposals"",""after_duplicate_suppression"",""after_mask_split""]",after_mask_split,"{""after_duplicate_suppression"":{""proposal_sources"":[""open_vocabulary_detector""]},""after_mask_split"":{""mask_id"":null,""mask_quality"":null},""raw_local_proposals"":{""context"":{""observation_id"":null,""source_frame_id"":null,""source_view_id"":""p00_y02""},""proposal_lineage"":[{""backend"":""groundingdino_local"",""bbox"":[0.4471749,0.5037174,0.4779909,0.5979967],""confidence"":0.27609020471572876,""disposition"":""retained"",""label"":""chair"",""proposal_id"":""proposal-37109434979b411489e0f52d7d7fb1bb"",""reason"":""raw_proposal"",""source"":""open_vocabulary_detector""}]}}",eliminated,tracklets,mask_quality_below_threshold,"{""provisional_reason"":""mask_quality_below_threshold""}"
scnav_count_waterfall_v1,proposal-392ede55b2fc4c9abfce318984196256,chair,,[],[],"[""raw_local_proposals"",""after_duplicate_suppression"",""after_mask_split""]",after_mask_split,"{""after_duplicate_suppression"":{""proposal_sources"":[""open_vocabulary_detector""]},""after_mask_split"":{""mask_id"":null,""mask_quality"":null},""raw_local_proposals"":{""context"":{""observation_id"":null,""source_frame_id"":null,""source_view_id"":""p00_y03""},""proposal_lineage"":[{""backend"":""groundingdino_local"",""bbox"":[0.0718149,0.5032758,0.1266814,0.6526709],""confidence"":0.256666898727417,""disposition"":""retained"",""label"":""chair"",""proposal_id"":""proposal-392ede55b2fc4c9abfce318984196256"",""reason"":""raw_proposal"",""source"":""open_vocabulary_detector""}]}}",eliminated,tracklets,invalid_depth,"{""provisional_reason"":""insufficient_mask_point_support""}"
scnav_count_waterfall_v1,proposal-3c7bc7865596466ba172171a4e283b60,chair,,[],[],"[""raw_local_proposals"",""after_duplicate_suppression"",""after_mask_split""]",after_mask_split,"{""after_duplicate_suppression"":{""proposal_sources"":[""open_vocabulary_detector""]},""after_mask_split"":{""mask_id"":null,""mask_quality"":null},""raw_local_proposals"":{""context"":{""observation_id"":null,""source_frame_id"":null,""source_view_id"":""p00_y03""},""proposal_lineage"":[{""backend"":""groundingdino_local"",""bbox"":[0.2967801,0.5292397,0.6122094,0.9714065],""confidence"":0.20739540457725525,""disposition"":""retained"",""label"":""chair"",""proposal_id"":""proposal-3c7bc7865596466ba172171a4e283b60"",""reason"":""raw_proposal"",""source"":""open_vocabulary_detector""}]}}",eliminated,tracklets,invalid_depth,"{""provisional_reason"":""insufficient_mask_point_support""}"
scnav_count_waterfall_v1,proposal-4072ad77f2fb4b0580c0c7f971869539,chair,,[],[],"[""raw_local_proposals"",""after_duplicate_suppression"",""after_mask_split""]",after_mask_split,"{""after_duplicate_suppression"":{""proposal_sources"":[""open_vocabulary_detector"",""fixed_vocabulary_detector""]},""after_mask_split"":{""mask_id"":null,""mask_quality"":null},""raw_local_proposals"":{""context"":{""observation_id"":null,""source_frame_id"":null,""source_view_id"":""p00_y02""},""proposal_lineage"":[{""backend"":""groundingdino_local"",""bbox"":[0.4881157,0.5059483,0.5332224,0.6463691],""confidence"":0.5708619356155396,""disposition"":""retained"",""label"":""chair"",""proposal_id"":""proposal-4072ad77f2fb4b0580c0c7f971869539"",""reason"":""raw_proposal"",""source"":""open_vocabulary_detector""}]}}",eliminated,tracklets,invalid_depth,"{""provisional_reason"":""insufficient_mask_point_support""}"
scnav_count_waterfall_v1,proposal-4f41b0a2b78a42238f5c03ec9eb5f00e,chair,,[],[],"[""raw_local_proposals"",""after_duplicate_suppression"",""after_mask_split""]",after_mask_split,"{""after_duplicate_suppression"":{""proposal_sources"":[""open_vocabulary_detector"",""fixed_vocabulary_detector""]},""after_mask_split"":{""mask_id"":null,""mask_quality"":null},""raw_local_proposals"":{""context"":{""observation_id"":null,""source_frame_id"":null,""source_view_id"":""p00_y03""},""proposal_lineage"":[{""backend"":""groundingdino_local"",""bbox"":[4.63e-05,0.508838,0.0607124,0.6944523],""confidence"":0.570260763168335,""disposition"":""retained"",""label"":""chair"",""proposal_id"":""proposal-4f41b0a2b78a42238f5c03ec9eb5f00e"",""reason"":""raw_proposal"",""source"":""open_vocabulary_detector""}]}}",eliminated,tracklets,invalid_depth,"{""provisional_reason"":""insufficient_mask_point_support""}"
scnav_count_waterfall_v1,proposal-537aab2d395a44d187ea47a5b5e2efeb,chair,,[],[],"[""raw_local_proposals""]",raw_local_proposals,"{""raw_local_proposals"":{""context"":{""observation_id"":null,""source_frame_id"":null,""source_view_id"":""p00_y02""},""proposal_lineage"":[{""backend"":""yolo_world_local"",""bbox"":[0.4242187,0.5046875,0.4792969,0.6536458],""confidence"":0.4130859375,""disposition"":""retained"",""label"":""chair"",""proposal_id"":""proposal-537aab2d395a44d187ea47a5b5e2efeb"",""reason"":""raw_proposal"",""source"":""fixed_vocabulary_detector""},{""backend"":""yolo_world_local"",""bbox"":[0.4242187,0.5046875,0.4792969,0.6536458],""box_iou"":0.8672908,""confidence"":0.4130859375,""disposition"":""suppressed_as_duplicate"",""label"":""chair"",""proposal_id"":""proposal-537aab2d395a44d187ea47a5b5e2efeb"",""reason"":""box_iou_before_mask_union"",""source"":""fixed_vocabulary_detector""}]}}",eliminated,after_duplicate_suppression,suppressed_as_duplicate,"{""proposal_lineage"":[{""backend"":""yolo_world_local"",""bbox"":[0.4242187,0.5046875,0.4792969,0.6536458],""confidence"":0.4130859375,""disposition"":""retained"",""label"":""chair"",""proposal_id"":""proposal-537aab2d395a44d187ea47a5b5e2efeb"",""reason"":""raw_proposal"",""source"":""fixed_vocabulary_detector""},{""backend"":""yolo_world_local"",""bbox"":[0.4242187,0.5046875,0.4792969,0.6536458],""box_iou"":0.8672908,""confidence"":0.4130859375,""disposition"":""suppressed_as_duplicate"",""label"":""chair"",""proposal_id"":""proposal-537aab2d395a44d187ea47a5b5e2efeb"",""reason"":""box_iou_before_mask_union"",""source"":""fixed_vocabulary_detector""}]}"
scnav_count_waterfall_v1,proposal-55662720bba34bb89651f982af7ec64a,chair,,[],[],"[""raw_local_proposals"",""after_duplicate_suppression"",""after_mask_split""]",after_mask_split,"{""after_duplicate_suppression"":{""proposal_sources"":[""open_vocabulary_detector""]},""after_mask_split"":{""mask_id"":""sam:p00_y03:4:1b49f3bee24a34ff2d01"",""mask_quality"":0.7315195899612388},""raw_local_proposals"":{""context"":{""observation_id"":""obs-37922bfc6e909e31441d541c"",""source_frame_id"":""panorama@1785259707.696271896"",""source_view_id"":""p00_y03""},""proposal_lineage"":[{""backend"":""groundingdino_local"",""bbox"":[0.1456787,0.4460485,0.612968,0.9733841],""confidence"":0.3757624328136444,""disposition"":""retained"",""label"":""chair"",""proposal_id"":""proposal-55662720bba34bb89651f982af7ec64a"",""reason"":""raw_proposal"",""source"":""open_vocabulary_detector""}]}}",promoted,tracklets,,"{""child_candidate_ids"":[""memory-18""],""observation_ids"":[""canonical-83fd695b1565decec67c6449"",""obs-37922bfc6e909e31441d541c""]}"
scnav_count_waterfall_v1,proposal-579a7f0c01714b44aedce510fbc14cf8,chair,,[],[],"[""raw_local_proposals"",""after_duplicate_suppression"",""after_mask_split""]",after_mask_split,"{""after_duplicate_suppression"":{""proposal_sources"":[""open_vocabulary_detector"",""fixed_vocabulary_detector""]},""after_mask_split"":{""mask_id"":""sam:p00_y02:0:b94b0efcd5dc345425e3"",""mask_quality"":0.6641168093171854},""raw_local_proposals"":{""context"":{""observation_id"":""obs-c80d937b71ced37c91b42425"",""source_frame_id"":""panorama@1785259707.696271896"",""source_view_id"":""p00_y02""},""proposal_lineage"":[{""backend"":""groundingdino_local"",""bbox"":[0.2620004,0.5080324,0.3213324,0.6746202],""confidence"":0.5573345422744751,""disposition"":""retained"",""label"":""chair"",""proposal_id"":""proposal-579a7f0c01714b44aedce510fbc14cf8"",""reason"":""raw_proposal"",""source"":""open_vocabulary_detector""}]}}",promoted,tracklets,,"{""child_candidate_ids"":[""memory-12""],""observation_ids"":[""canonical-2a9ee148494e59772e8ced91"",""obs-16991fe6afd8782c15b36157"",""obs-c80d937b71ced37c91b42425""]}"
scnav_count_waterfall_v1,proposal-579b1322c1e34ff2858b952ebd89e5bc,chair,,[],[],"[""raw_local_proposals""]",raw_local_proposals,"{""raw_local_proposals"":{""context"":{""observation_id"":null,""source_frame_id"":null,""source_view_id"":""p00_y04""},""proposal_lineage"":[{""backend"":""yolo_world_local"",""bbox"":[0.7910156,0.4963542,1.0,0.9958333],""confidence"":0.91845703125,""disposition"":""retained"",""label"":""chair"",""proposal_id"":""proposal-579b1322c1e34ff2858b952ebd89e5bc"",""reason"":""raw_proposal"",""source"":""fixed_vocabulary_detector""},{""backend"":""yolo_world_local"",""bbox"":[0.7910156,0.4963542,1.0,0.9958333],""box_iou"":0.9711142,""confidence"":0.91845703125,""disposition"":""suppressed_as_duplicate"",""label"":""chair"",""proposal_id"":""proposal-579b1322c1e34ff2858b952ebd89e5bc"",""reason"":""box_iou_before_mask_union"",""source"":""fixed_vocabulary_detector""}]}}",eliminated,after_duplicate_suppression,suppressed_as_duplicate,"{""proposal_lineage"":[{""backend"":""yolo_world_local"",""bbox"":[0.7910156,0.4963542,1.0,0.9958333],""confidence"":0.91845703125,""disposition"":""retained"",""label"":""chair"",""proposal_id"":""proposal-579b1322c1e34ff2858b952ebd89e5bc"",""reason"":""raw_proposal"",""source"":""fixed_vocabulary_detector""},{""backend"":""yolo_world_local"",""bbox"":[0.7910156,0.4963542,1.0,0.9958333],""box_iou"":0.9711142,""confidence"":0.91845703125,""disposition"":""suppressed_as_duplicate"",""label"":""chair"",""proposal_id"":""proposal-579b1322c1e34ff2858b952ebd89e5bc"",""reason"":""box_iou_before_mask_union"",""source"":""fixed_vocabulary_detector""}]}"
scnav_count_waterfall_v1,proposal-58515b015d2848c5b1e3be279ac5d362,chair,,[],[],"[""raw_local_proposals"",""after_duplicate_suppression"",""after_mask_split""]",after_mask_split,"{""after_duplicate_suppression"":{""proposal_sources"":[""open_vocabulary_detector""]},""after_mask_split"":{""mask_id"":""sam:p00_y02:5:5077cde2cd9dc909f288"",""mask_quality"":0.3763138884043185},""raw_local_proposals"":{""context"":{""observation_id"":""obs-b357b6fe10fe33a1f21c5991"",""source_frame_id"":""panorama@1785259707.696271896"",""source_view_id"":""p00_y02""},""proposal_lineage"":[{""backend"":""groundingdino_local"",""bbox"":[0.4189515,0.4932144,0.4653396,0.6213851],""confidence"":0.5514864921569824,""disposition"":""retained"",""label"":""chair"",""proposal_id"":""proposal-58515b015d2848c5b1e3be279ac5d362"",""reason"":""raw_proposal"",""source"":""open_vocabulary_detector""}]}}",promoted,tracklets,,"{""child_candidate_ids"":[""memory-10""],""observation_ids"":[""canonical-571b3837b7c3d518405ef8fe"",""obs-b357b6fe10fe33a1f21c5991""]}"
scnav_count_waterfall_v1,proposal-58a398c270014aedabde8003703a4ad8,chair,,[],[],"[""raw_local_proposals"",""after_duplicate_suppression"",""after_mask_split""]",after_mask_split,"{""after_duplicate_suppression"":{""proposal_sources"":[""open_vocabulary_detector"",""fixed_vocabulary_detector""]},""after_mask_split"":{""mask_id"":null,""mask_quality"":null},""raw_local_proposals"":{""context"":{""observation_id"":null,""source_frame_id"":null,""source_view_id"":""p00_y04""},""proposal_lineage"":[{""backend"":""groundingdino_local"",""bbox"":[0.0,0.4282228,0.1825652,0.9993024],""confidence"":0.35817277431488037,""disposition"":""retained"",""label"":""chair"",""proposal_id"":""proposal-58a398c270014aedabde8003703a4ad8"",""reason"":""raw_proposal"",""source"":""open_vocabulary_detector""}]}}",eliminated,tracklets,invalid_depth,"{""provisional_reason"":""insufficient_mask_point_support""}"
scnav_count_waterfall_v1,proposal-6014bc55e97c4bb48c08ddc8e1a5d7e0,chair,,[],[],"[""raw_local_proposals""]",raw_local_proposals,"{""raw_local_proposals"":{""context"":{""observation_id"":null,""source_frame_id"":null,""source_view_id"":""p00_y03""},""proposal_lineage"":[{""backend"":""groundingdino_local"",""bbox"":[0.0713227,0.5037453,0.1223902,0.6519118],""confidence"":0.2374291718006134,""disposition"":""retained"",""label"":""chair"",""proposal_id"":""proposal-6014bc55e97c4bb48c08ddc8e1a5d7e0"",""reason"":""raw_proposal"",""source"":""open_vocabulary_detector""},{""backend"":""groundingdino_local"",""bbox"":[0.0713227,0.5037453,0.1223902,0.6519118],""box_iou"":0.9061472,""confidence"":0.2374291718006134,""disposition"":""suppressed_as_duplicate"",""label"":""chair"",""proposal_id"":""proposal-6014bc55e97c4bb48c08ddc8e1a5d7e0"",""reason"":""box_iou_before_mask_union"",""source"":""open_vocabulary_detector""}]}}",eliminated,after_duplicate_suppression,suppressed_as_duplicate,"{""proposal_lineage"":[{""backend"":""groundingdino_local"",""bbox"":[0.0713227,0.5037453,0.1223902,0.6519118],""confidence"":0.2374291718006134,""disposition"":""retained"",""label"":""chair"",""proposal_id"":""proposal-6014bc55e97c4bb48c08ddc8e1a5d7e0"",""reason"":""raw_proposal"",""source"":""open_vocabulary_detector""},{""backend"":""groundingdino_local"",""bbox"":[0.0713227,0.5037453,0.1223902,0.6519118],""box_iou"":0.9061472,""confidence"":0.2374291718006134,""disposition"":""suppressed_as_duplicate"",""label"":""chair"",""proposal_id"":""proposal-6014bc55e97c4bb48c08ddc8e1a5d7e0"",""reason"":""box_iou_before_mask_union"",""source"":""open_vocabulary_detector""}]}"
scnav_count_waterfall_v1,proposal-688a0286f7e2475cbb284f390a9974e7,chair,,[],[],"[""raw_local_proposals"",""after_duplicate_suppression"",""after_mask_split""]",after_mask_split,"{""after_duplicate_suppression"":{""proposal_sources"":[""open_vocabulary_detector""]},""after_mask_split"":{""mask_id"":""sam:p00_y07:5:624bca783f23ecd33166"",""mask_quality"":0.9387303913758557},""raw_local_proposals"":{""context"":{""observation_id"":""obs-2d7758c319830e0fabe066ea"",""source_frame_id"":""panorama@1785259707.696271896"",""source_view_id"":""p00_y07""},""proposal_lineage"":[{""backend"":""groundingdino_local"",""bbox"":[0.0003378,0.0,0.4278561,0.9997441],""confidence"":0.21250298619270325,""disposition"":""retained"",""label"":""chair"",""proposal_id"":""proposal-688a0286f7e2475cbb284f390a9974e7"",""reason"":""raw_proposal"",""source"":""open_vocabulary_detector""}]}}",promoted,tracklets,,"{""child_candidate_ids"":[""memory-13""],""observation_ids"":[""canonical-fbe9addeced63789f1fbb1ee"",""obs-2d7758c319830e0fabe066ea""]}"
scnav_count_waterfall_v1,proposal-6f26e2ea4e4d4e77852ce0ae564db91f,chair,,[],[],"[""raw_local_proposals"",""after_duplicate_suppression"",""after_mask_split""]",after_mask_split,"{""after_duplicate_suppression"":{""proposal_sources"":[""open_vocabulary_detector""]},""after_mask_split"":{""mask_id"":null,""mask_quality"":null},""raw_local_proposals"":{""context"":{""observation_id"":null,""source_frame_id"":null,""source_view_id"":""p00_y02""},""proposal_lineage"":[{""backend"":""groundingdino_local"",""bbox"":[0.3746115,0.4974551,0.4107526,0.6246786],""confidence"":0.40856799483299255,""disposition"":""retained"",""label"":""chair"",""proposal_id"":""proposal-6f26e2ea4e4d4e77852ce0ae564db91f"",""reason"":""raw_proposal"",""source"":""open_vocabulary_detector""}]}}",eliminated,tracklets,insufficient_cluster_support,"{""provisional_reason"":""insufficient_cluster_support""}"
scnav_count_waterfall_v1,proposal-6f2f0cf6ac2b430a9a13a2d50e49513e,chair,,[],[],"[""raw_local_proposals""]",raw_local_proposals,"{""raw_local_proposals"":{""context"":{""observation_id"":null,""source_frame_id"":null,""source_view_id"":""p00_y02""},""proposal_lineage"":[{""backend"":""yolo_world_local"",""bbox"":[0.484375,0.50625,0.5351562,0.6526042],""confidence"":0.381103515625,""disposition"":""retained"",""label"":""chair"",""proposal_id"":""proposal-6f2f0cf6ac2b430a9a13a2d50e49513e"",""reason"":""raw_proposal"",""source"":""fixed_vocabulary_detector""},{""backend"":""yolo_world_local"",""bbox"":[0.484375,0.50625,0.5351562,0.6526042],""box_iou"":0.8488584,""confidence"":0.381103515625,""disposition"":""suppressed_as_duplicate"",""label"":""chair"",""proposal_id"":""proposal-6f2f0cf6ac2b430a9a13a2d50e49513e"",""reason"":""box_iou_before_mask_union"",""source"":""fixed_vocabulary_detector""}]}}",eliminated,after_duplicate_suppression,suppressed_as_duplicate,"{""proposal_lineage"":[{""backend"":""yolo_world_local"",""bbox"":[0.484375,0.50625,0.5351562,0.6526042],""confidence"":0.381103515625,""disposition"":""retained"",""label"":""chair"",""proposal_id"":""proposal-6f2f0cf6ac2b430a9a13a2d50e49513e"",""reason"":""raw_proposal"",""source"":""fixed_vocabulary_detector""},{""backend"":""yolo_world_local"",""bbox"":[0.484375,0.50625,0.5351562,0.6526042],""box_iou"":0.8488584,""confidence"":0.381103515625,""disposition"":""suppressed_as_duplicate"",""label"":""chair"",""proposal_id"":""proposal-6f2f0cf6ac2b430a9a13a2d50e49513e"",""reason"":""box_iou_before_mask_union"",""source"":""fixed_vocabulary_detector""}]}"
scnav_count_waterfall_v1,proposal-742d5219211e4479a4f5d0f0c29a0882,chair,,[],[],"[""raw_local_proposals""]",raw_local_proposals,"{""raw_local_proposals"":{""context"":{""observation_id"":null,""source_frame_id"":null,""source_view_id"":""p00_y02""},""proposal_lineage"":[{""backend"":""groundingdino_local"",""bbox"":[0.4374083,0.5038147,0.4791334,0.6143158],""confidence"":0.3648260533809662,""disposition"":""retained"",""label"":""chair"",""proposal_id"":""proposal-742d5219211e4479a4f5d0f0c29a0882"",""reason"":""raw_proposal"",""source"":""open_vocabulary_detector""},{""backend"":""groundingdino_local"",""bbox"":[0.4374083,0.5038147,0.4791334,0.6143158],""box_iou"":0.6290677,""confidence"":0.3648260533809662,""disposition"":""suppressed_as_duplicate"",""label"":""chair"",""proposal_id"":""proposal-742d5219211e4479a4f5d0f0c29a0882"",""reason"":""box_iou_before_mask_union"",""source"":""open_vocabulary_detector""}]}}",eliminated,after_duplicate_suppression,suppressed_as_duplicate,"{""proposal_lineage"":[{""backend"":""groundingdino_local"",""bbox"":[0.4374083,0.5038147,0.4791334,0.6143158],""confidence"":0.3648260533809662,""disposition"":""retained"",""label"":""chair"",""proposal_id"":""proposal-742d5219211e4479a4f5d0f0c29a0882"",""reason"":""raw_proposal"",""source"":""open_vocabulary_detector""},{""backend"":""groundingdino_local"",""bbox"":[0.4374083,0.5038147,0.4791334,0.6143158],""box_iou"":0.6290677,""confidence"":0.3648260533809662,""disposition"":""suppressed_as_duplicate"",""label"":""chair"",""proposal_id"":""proposal-742d5219211e4479a4f5d0f0c29a0882"",""reason"":""box_iou_before_mask_union"",""source"":""open_vocabulary_detector""}]}"
scnav_count_waterfall_v1,proposal-75741adc38a84c00b194d162ef2c3545,chair,,[],[],"[""raw_local_proposals"",""after_duplicate_suppression"",""after_mask_split""]",after_mask_split,"{""after_duplicate_suppression"":{""proposal_sources"":[""open_vocabulary_detector""]},""after_mask_split"":{""mask_id"":null,""mask_quality"":null},""raw_local_proposals"":{""context"":{""observation_id"":null,""source_frame_id"":null,""source_view_id"":""p00_y00""},""proposal_lineage"":[{""backend"":""groundingdino_local"",""bbox"":[0.9743279,0.4465839,1.0,0.6425364],""confidence"":0.2576114237308502,""disposition"":""retained"",""label"":""chair"",""proposal_id"":""proposal-75741adc38a84c00b194d162ef2c3545"",""reason"":""raw_proposal"",""source"":""open_vocabulary_detector""}]}}",eliminated,tracklets,invalid_depth,"{""provisional_reason"":""insufficient_mask_point_support""}"
scnav_count_waterfall_v1,proposal-76f6bdea91134a9b8ff17af76722a592,chair,,[],[],"[""raw_local_proposals"",""after_duplicate_suppression"",""after_mask_split""]",after_mask_split,"{""after_duplicate_suppression"":{""proposal_sources"":[""open_vocabulary_detector"",""fixed_vocabulary_detector""]},""after_mask_split"":{""mask_id"":null,""mask_quality"":null},""raw_local_proposals"":{""context"":{""observation_id"":null,""source_frame_id"":null,""source_view_id"":""p00_y03""},""proposal_lineage"":[{""backend"":""groundingdino_local"",""bbox"":[0.0760111,0.5091363,0.156195,0.6666947],""confidence"":0.4776155352592468,""disposition"":""retained"",""label"":""chair"",""proposal_id"":""proposal-76f6bdea91134a9b8ff17af76722a592"",""reason"":""raw_proposal"",""source"":""open_vocabulary_detector""}]}}",eliminated,tracklets,invalid_depth,"{""provisional_reason"":""insufficient_mask_point_support""}"
scnav_count_waterfall_v1,proposal-7ae5cd0d0bc94beab7fd5a7c0eb0d711,chair,,[],[],"[""raw_local_proposals"",""after_duplicate_suppression"",""after_mask_split""]",after_mask_split,"{""after_duplicate_suppression"":{""proposal_sources"":[""open_vocabulary_detector"",""fixed_vocabulary_detector""]},""after_mask_split"":{""mask_id"":""sam:p00_y02:2:8fbc0c837c3ed9b05273"",""mask_quality"":0.36730540933847616},""raw_local_proposals"":{""context"":{""observation_id"":""obs-d85186c68a3f20e80972c49c"",""source_frame_id"":""panorama@1785259707.696271896"",""source_view_id"":""p00_y02""},""proposal_lineage"":[{""backend"":""groundingdino_local"",""bbox"":[0.2114503,0.5139831,0.261313,0.6672947],""confidence"":0.5661351084709167,""disposition"":""retained"",""label"":""chair"",""proposal_id"":""proposal-7ae5cd0d0bc94beab7fd5a7c0eb0d711"",""reason"":""raw_proposal"",""source"":""open_vocabulary_detector""}]}}",promoted,tracklets,,"{""child_candidate_ids"":[""memory-7""],""observation_ids"":[""canonical-2c01d4dfa3e58cb795110797"",""obs-d85186c68a3f20e80972c49c""]}"
scnav_count_waterfall_v1,proposal-7dbf0bddf9c44df2bd2eb53e818c7a3c,chair,,[],[],"[""raw_local_proposals"",""after_duplicate_suppression"",""after_mask_split""]",after_mask_split,"{""after_duplicate_suppression"":{""proposal_sources"":[""open_vocabulary_detector""]},""after_mask_split"":{""mask_id"":""sam:p00_y00:8:785cc504d7b9d86acc2a"",""mask_quality"":0.8684848142551959},""raw_local_proposals"":{""context"":{""observation_id"":""obs-5c4ab9f904c6d7c41f182098"",""source_frame_id"":""panorama@1785259655.066333771"",""source_view_id"":""p00_y00""},""proposal_lineage"":[{""backend"":""groundingdino_local"",""bbox"":[0.8595486,0.6274871,1.0,0.9579906],""confidence"":0.2617192566394806,""disposition"":""retained"",""label"":""chair"",""proposal_id"":""proposal-7dbf0bddf9c44df2bd2eb53e818c7a3c"",""reason"":""raw_proposal"",""source"":""open_vocabulary_detector""}]}}",promoted,tracklets,,"{""child_candidate_ids"":[""memory-6""],""observation_ids"":[""canonical-ea1a31c41c81214f48f0e1f4"",""obs-5c4ab9f904c6d7c41f182098""]}"
scnav_count_waterfall_v1,proposal-7ff9a4ce2dc04eba9aca3558bed36dfe,chair,,[],[],"[""raw_local_proposals"",""after_duplicate_suppression"",""after_mask_split""]",after_mask_split,"{""after_duplicate_suppression"":{""proposal_sources"":[""open_vocabulary_detector""]},""after_mask_split"":{""mask_id"":null,""mask_quality"":null},""raw_local_proposals"":{""context"":{""observation_id"":null,""source_frame_id"":null,""source_view_id"":""p00_y00""},""proposal_lineage"":[{""backend"":""groundingdino_local"",""bbox"":[0.0,0.6751059,0.0197852,0.9936151],""confidence"":0.39815473556518555,""disposition"":""retained"",""label"":""chair table"",""proposal_id"":""proposal-7ff9a4ce2dc04eba9aca3558bed36dfe"",""reason"":""raw_proposal"",""source"":""open_vocabulary_detector""}]}}",eliminated,tracklets,invalid_depth,"{""provisional_reason"":""insufficient_mask_point_support""}"
scnav_count_waterfall_v1,proposal-81987d1682354f47ab6e3a19bec2b881,chair,,[],[],"[""raw_local_proposals"",""after_duplicate_suppression"",""after_mask_split""]",after_mask_split,"{""after_duplicate_suppression"":{""proposal_sources"":[""open_vocabulary_detector""]},""after_mask_split"":{""mask_id"":null,""mask_quality"":null},""raw_local_proposals"":{""context"":{""observation_id"":null,""source_frame_id"":null,""source_view_id"":""p00_y04""},""proposal_lineage"":[{""backend"":""groundingdino_local"",""bbox"":[0.0,0.4761909,0.3721603,0.9992234],""confidence"":0.30132612586021423,""disposition"":""retained"",""label"":""chair table"",""proposal_id"":""proposal-81987d1682354f47ab6e3a19bec2b881"",""reason"":""raw_proposal"",""source"":""open_vocabulary_detector""}]}}",eliminated,tracklets,invalid_depth,"{""provisional_reason"":""insufficient_mask_point_support""}"
scnav_count_waterfall_v1,proposal-829e7fae22304366a3ee4821ee361b3a,chair,,[],[],"[""raw_local_proposals"",""after_duplicate_suppression"",""after_mask_split""]",after_mask_split,"{""after_duplicate_suppression"":{""proposal_sources"":[""open_vocabulary_detector""]},""after_mask_split"":{""mask_id"":""sam:p00_y07:2:6691469e7aa59058769d"",""mask_quality"":0.9249828767495037},""raw_local_proposals"":{""context"":{""observation_id"":""obs-0145a8154e89f0c43457de27"",""source_frame_id"":""panorama@1785259655.066333771"",""source_view_id"":""p00_y07""},""proposal_lineage"":[{""backend"":""groundingdino_local"",""bbox"":[0.4265782,0.6214774,0.5119362,0.8449698],""confidence"":0.2631072998046875,""disposition"":""retained"",""label"":""chair"",""proposal_id"":""proposal-829e7fae22304366a3ee4821ee361b3a"",""reason"":""raw_proposal"",""source"":""open_vocabulary_detector""}]}}",promoted,tracklets,,"{""child_candidate_ids"":[""memory-1""],""observation_ids"":[""canonical-57eedc98464ff758e02ea0a3"",""obs-0145a8154e89f0c43457de27""]}"
scnav_count_waterfall_v1,proposal-91e922f5fb2a415180a0d39035cb796f,chair,,[],[],"[""raw_local_proposals""]",raw_local_proposals,"{""raw_local_proposals"":{""context"":{""observation_id"":null,""source_frame_id"":null,""source_view_id"":""p00_y04""},""proposal_lineage"":[{""backend"":""yolo_world_local"",""bbox"":[0.0,0.4260417,0.1861328,1.0],""confidence"":0.83447265625,""disposition"":""retained"",""label"":""chair"",""proposal_id"":""proposal-91e922f5fb2a415180a0d39035cb796f"",""reason"":""raw_proposal"",""source"":""fixed_vocabulary_detector""},{""backend"":""yolo_world_local"",""bbox"":[0.0,0.4260417,0.1861328,1.0],""box_iou"":0.9759137,""confidence"":0.83447265625,""disposition"":""suppressed_as_duplicate"",""label"":""chair"",""proposal_id"":""proposal-91e922f5fb2a415180a0d39035cb796f"",""reason"":""box_iou_before_mask_union"",""source"":""fixed_vocabulary_detector""}]}}",eliminated,after_duplicate_suppression,suppressed_as_duplicate,"{""proposal_lineage"":[{""backend"":""yolo_world_local"",""bbox"":[0.0,0.4260417,0.1861328,1.0],""confidence"":0.83447265625,""disposition"":""retained"",""label"":""chair"",""proposal_id"":""proposal-91e922f5fb2a415180a0d39035cb796f"",""reason"":""raw_proposal"",""source"":""fixed_vocabulary_detector""},{""backend"":""yolo_world_local"",""bbox"":[0.0,0.4260417,0.1861328,1.0],""box_iou"":0.9759137,""confidence"":0.83447265625,""disposition"":""suppressed_as_duplicate"",""label"":""chair"",""proposal_id"":""proposal-91e922f5fb2a415180a0d39035cb796f"",""reason"":""box_iou_before_mask_union"",""source"":""fixed_vocabulary_detector""}]}"
scnav_count_waterfall_v1,proposal-9346ad6115f9400c8ef1fa7e550bc68b,chair,,[],[],"[""raw_local_proposals""]",raw_local_proposals,"{""raw_local_proposals"":{""context"":{""observation_id"":null,""source_frame_id"":null,""source_view_id"":""p00_y03""},""proposal_lineage"":[{""backend"":""yolo_world_local"",""bbox"":[1.22e-05,0.5072917,0.0633789,0.7145833],""confidence"":0.537109375,""disposition"":""retained"",""label"":""chair"",""proposal_id"":""proposal-9346ad6115f9400c8ef1fa7e550bc68b"",""reason"":""raw_proposal"",""source"":""fixed_vocabulary_detector""},{""backend"":""yolo_world_local"",""bbox"":[1.22e-05,0.5072917,0.0633789,0.7145833],""box_iou"":0.8572633,""confidence"":0.537109375,""disposition"":""suppressed_as_duplicate"",""label"":""chair"",""proposal_id"":""proposal-9346ad6115f9400c8ef1fa7e550bc68b"",""reason"":""box_iou_before_mask_union"",""source"":""fixed_vocabulary_detector""}]}}",eliminated,after_duplicate_suppression,suppressed_as_duplicate,"{""proposal_lineage"":[{""backend"":""yolo_world_local"",""bbox"":[1.22e-05,0.5072917,0.0633789,0.7145833],""confidence"":0.537109375,""disposition"":""retained"",""label"":""chair"",""proposal_id"":""proposal-9346ad6115f9400c8ef1fa7e550bc68b"",""reason"":""raw_proposal"",""source"":""fixed_vocabulary_detector""},{""backend"":""yolo_world_local"",""bbox"":[1.22e-05,0.5072917,0.0633789,0.7145833],""box_iou"":0.8572633,""confidence"":0.537109375,""disposition"":""suppressed_as_duplicate"",""label"":""chair"",""proposal_id"":""proposal-9346ad6115f9400c8ef1fa7e550bc68b"",""reason"":""box_iou_before_mask_union"",""source"":""fixed_vocabulary_detector""}]}"
scnav_count_waterfall_v1,proposal-9682f6c14f16414db21751830be28cbf,chair,,[],[],"[""raw_local_proposals""]",raw_local_proposals,"{""raw_local_proposals"":{""context"":{""observation_id"":""obs-c80d937b71ced37c91b42425"",""source_frame_id"":""panorama@1785259707.696271896"",""source_view_id"":""p00_y02""},""proposal_lineage"":[{""backend"":""yolo_world_local"",""bbox"":[0.2603516,0.5078125,0.3230469,0.6802083],""confidence"":0.6689453125,""disposition"":""retained"",""label"":""chair"",""proposal_id"":""proposal-9682f6c14f16414db21751830be28cbf"",""reason"":""raw_proposal"",""source"":""fixed_vocabulary_detector""},{""backend"":""yolo_world_local"",""bbox"":[0.2603516,0.5078125,0.3230469,0.6802083],""box_iou"":0.9144715,""confidence"":0.6689453125,""disposition"":""suppressed_as_duplicate"",""label"":""chair"",""proposal_id"":""proposal-9682f6c14f16414db21751830be28cbf"",""reason"":""box_iou_before_mask_union"",""source"":""fixed_vocabulary_detector""}]}}",eliminated,after_duplicate_suppression,suppressed_as_duplicate,"{""proposal_lineage"":[{""backend"":""yolo_world_local"",""bbox"":[0.2603516,0.5078125,0.3230469,0.6802083],""confidence"":0.6689453125,""disposition"":""retained"",""label"":""chair"",""proposal_id"":""proposal-9682f6c14f16414db21751830be28cbf"",""reason"":""raw_proposal"",""source"":""fixed_vocabulary_detector""},{""backend"":""yolo_world_local"",""bbox"":[0.2603516,0.5078125,0.3230469,0.6802083],""box_iou"":0.9144715,""confidence"":0.6689453125,""disposition"":""suppressed_as_duplicate"",""label"":""chair"",""proposal_id"":""proposal-9682f6c14f16414db21751830be28cbf"",""reason"":""box_iou_before_mask_union"",""source"":""fixed_vocabulary_detector""}]}"
scnav_count_waterfall_v1,proposal-9b0cc44798f14effb446cc3bb7b56542,chair,,[],[],"[""raw_local_proposals"",""after_duplicate_suppression"",""after_mask_split""]",after_mask_split,"{""after_duplicate_suppression"":{""proposal_sources"":[""open_vocabulary_detector""]},""after_mask_split"":{""mask_id"":null,""mask_quality"":null},""raw_local_proposals"":{""context"":{""observation_id"":null,""source_frame_id"":null,""source_view_id"":""p00_y02""},""proposal_lineage"":[{""backend"":""groundingdino_local"",""bbox"":[0.5372937,0.5029207,0.5734858,0.6184047],""confidence"":0.40541428327560425,""disposition"":""retained"",""label"":""chair"",""proposal_id"":""proposal-9b0cc44798f14effb446cc3bb7b56542"",""reason"":""raw_proposal"",""source"":""open_vocabulary_detector""}]}}",eliminated,tracklets,invalid_depth,"{""provisional_reason"":""insufficient_mask_point_support""}"
scnav_count_waterfall_v1,proposal-9fc6a025167f4131ad1caa82771ecc3a,chair,,[],[],"[""raw_local_proposals""]",raw_local_proposals,"{""raw_local_proposals"":{""context"":{""observation_id"":null,""source_frame_id"":null,""source_view_id"":""p00_y03""},""proposal_lineage"":[{""backend"":""yolo_world_local"",""bbox"":[0.2888672,0.4765625,0.7984375,1.0],""confidence"":0.6669921875,""disposition"":""retained"",""label"":""chair"",""proposal_id"":""proposal-9fc6a025167f4131ad1caa82771ecc3a"",""reason"":""raw_proposal"",""source"":""fixed_vocabulary_detector""},{""backend"":""yolo_world_local"",""bbox"":[0.2888672,0.4765625,0.7984375,1.0],""box_iou"":0.982337,""confidence"":0.6669921875,""disposition"":""suppressed_as_duplicate"",""label"":""chair"",""proposal_id"":""proposal-9fc6a025167f4131ad1caa82771ecc3a"",""reason"":""box_iou_before_mask_union"",""source"":""fixed_vocabulary_detector""}]}}",eliminated,after_duplicate_suppression,suppressed_as_duplicate,"{""proposal_lineage"":[{""backend"":""yolo_world_local"",""bbox"":[0.2888672,0.4765625,0.7984375,1.0],""confidence"":0.6669921875,""disposition"":""retained"",""label"":""chair"",""proposal_id"":""proposal-9fc6a025167f4131ad1caa82771ecc3a"",""reason"":""raw_proposal"",""source"":""fixed_vocabulary_detector""},{""backend"":""yolo_world_local"",""bbox"":[0.2888672,0.4765625,0.7984375,1.0],""box_iou"":0.982337,""confidence"":0.6669921875,""disposition"":""suppressed_as_duplicate"",""label"":""chair"",""proposal_id"":""proposal-9fc6a025167f4131ad1caa82771ecc3a"",""reason"":""box_iou_before_mask_union"",""source"":""fixed_vocabulary_detector""}]}"
scnav_count_waterfall_v1,proposal-ac86b3382b9a4789b6d946b22da221e9,chair,,[],[],"[""raw_local_proposals"",""after_duplicate_suppression"",""after_mask_split""]",after_mask_split,"{""after_duplicate_suppression"":{""proposal_sources"":[""open_vocabulary_detector""]},""after_mask_split"":{""mask_id"":null,""mask_quality"":null},""raw_local_proposals"":{""context"":{""observation_id"":null,""source_frame_id"":null,""source_view_id"":""p00_y02""},""proposal_lineage"":[{""backend"":""groundingdino_local"",""bbox"":[0.3935699,0.5059362,0.4347245,0.6353145],""confidence"":0.5381423234939575,""disposition"":""retained"",""label"":""chair"",""proposal_id"":""proposal-ac86b3382b9a4789b6d946b22da221e9"",""reason"":""raw_proposal"",""source"":""open_vocabulary_detector""}]}}",eliminated,tracklets,invalid_depth,"{""provisional_reason"":""insufficient_mask_point_support""}"
scnav_count_waterfall_v1,proposal-b2808bcaa1a24b69ac9dcd69106409fd,chair,,[],[],"[""raw_local_proposals"",""after_duplicate_suppression"",""after_mask_split""]",after_mask_split,"{""after_duplicate_suppression"":{""proposal_sources"":[""open_vocabulary_detector""]},""after_mask_split"":{""mask_id"":null,""mask_quality"":null},""raw_local_proposals"":{""context"":{""observation_id"":null,""source_frame_id"":null,""source_view_id"":""p00_y07""},""proposal_lineage"":[{""backend"":""groundingdino_local"",""bbox"":[0.7007647,0.0006599,0.9998609,0.7822204],""confidence"":0.20029932260513306,""disposition"":""retained"",""label"":""chair"",""proposal_id"":""proposal-b2808bcaa1a24b69ac9dcd69106409fd"",""reason"":""raw_proposal"",""source"":""open_vocabulary_detector""}]}}",eliminated,tracklets,mask_quality_below_threshold,"{""provisional_reason"":""mask_quality_below_threshold""}"
scnav_count_waterfall_v1,proposal-b414425b7c43409cb622679173f4bc37,chair,,[],[],"[""raw_local_proposals"",""after_duplicate_suppression"",""after_mask_split""]",after_mask_split,"{""after_duplicate_suppression"":{""proposal_sources"":[""open_vocabulary_detector""]},""after_mask_split"":{""mask_id"":null,""mask_quality"":null},""raw_local_proposals"":{""context"":{""observation_id"":null,""source_frame_id"":null,""source_view_id"":""p00_y03""},""proposal_lineage"":[{""backend"":""groundingdino_local"",""bbox"":[0.0714601,0.5051871,0.156374,0.6534138],""confidence"":0.24478481709957123,""disposition"":""retained"",""label"":""chair table"",""proposal_id"":""proposal-b414425b7c43409cb622679173f4bc37"",""reason"":""raw_proposal"",""source"":""open_vocabulary_detector""}]}}",eliminated,tracklets,invalid_depth,"{""provisional_reason"":""insufficient_mask_point_support""}"
scnav_count_waterfall_v1,proposal-b53a06beb42147f2bf286aaece34a29a,chair,,[],[],"[""raw_local_proposals""]",raw_local_proposals,"{""raw_local_proposals"":{""context"":{""observation_id"":null,""source_frame_id"":null,""source_view_id"":""p00_y03""},""proposal_lineage"":[{""backend"":""groundingdino_local"",""bbox"":[0.0896306,0.5105969,0.1555511,0.6667507],""confidence"":0.2859920263290405,""disposition"":""retained"",""label"":""chair"",""proposal_id"":""proposal-b53a06beb42147f2bf286aaece34a29a"",""reason"":""raw_proposal"",""source"":""open_vocabulary_detector""},{""backend"":""groundingdino_local"",""bbox"":[0.0896306,0.5105969,0.1555511,0.6667507],""box_iou"":0.8142573,""confidence"":0.2859920263290405,""disposition"":""suppressed_as_duplicate"",""label"":""chair"",""proposal_id"":""proposal-b53a06beb42147f2bf286aaece34a29a"",""reason"":""box_iou_before_mask_union"",""source"":""open_vocabulary_detector""}]}}",eliminated,after_duplicate_suppression,suppressed_as_duplicate,"{""proposal_lineage"":[{""backend"":""groundingdino_local"",""bbox"":[0.0896306,0.5105969,0.1555511,0.6667507],""confidence"":0.2859920263290405,""disposition"":""retained"",""label"":""chair"",""proposal_id"":""proposal-b53a06beb42147f2bf286aaece34a29a"",""reason"":""raw_proposal"",""source"":""open_vocabulary_detector""},{""backend"":""groundingdino_local"",""bbox"":[0.0896306,0.5105969,0.1555511,0.6667507],""box_iou"":0.8142573,""confidence"":0.2859920263290405,""disposition"":""suppressed_as_duplicate"",""label"":""chair"",""proposal_id"":""proposal-b53a06beb42147f2bf286aaece34a29a"",""reason"":""box_iou_before_mask_union"",""source"":""open_vocabulary_detector""}]}"
scnav_count_waterfall_v1,proposal-b74b9d8c93f64e2b914aba02ca0c5308,chair,,[],[],"[""raw_local_proposals""]",raw_local_proposals,"{""raw_local_proposals"":{""context"":{""observation_id"":""obs-d85186c68a3f20e80972c49c"",""source_frame_id"":""panorama@1785259707.696271896"",""source_view_id"":""p00_y02""},""proposal_lineage"":[{""backend"":""yolo_world_local"",""bbox"":[0.2109375,0.5166667,0.2660156,0.6739583],""confidence"":0.1591796875,""disposition"":""retained"",""label"":""chair"",""proposal_id"":""proposal-b74b9d8c93f64e2b914aba02ca0c5308"",""reason"":""raw_proposal"",""source"":""fixed_vocabulary_detector""},{""backend"":""yolo_world_local"",""bbox"":[0.2109375,0.5166667,0.2660156,0.6739583],""box_iou"":0.8537668,""confidence"":0.1591796875,""disposition"":""suppressed_as_duplicate"",""label"":""chair"",""proposal_id"":""proposal-b74b9d8c93f64e2b914aba02ca0c5308"",""reason"":""box_iou_before_mask_union"",""source"":""fixed_vocabulary_detector""}]}}",eliminated,after_duplicate_suppression,suppressed_as_duplicate,"{""proposal_lineage"":[{""backend"":""yolo_world_local"",""bbox"":[0.2109375,0.5166667,0.2660156,0.6739583],""confidence"":0.1591796875,""disposition"":""retained"",""label"":""chair"",""proposal_id"":""proposal-b74b9d8c93f64e2b914aba02ca0c5308"",""reason"":""raw_proposal"",""source"":""fixed_vocabulary_detector""},{""backend"":""yolo_world_local"",""bbox"":[0.2109375,0.5166667,0.2660156,0.6739583],""box_iou"":0.8537668,""confidence"":0.1591796875,""disposition"":""suppressed_as_duplicate"",""label"":""chair"",""proposal_id"":""proposal-b74b9d8c93f64e2b914aba02ca0c5308"",""reason"":""box_iou_before_mask_union"",""source"":""fixed_vocabulary_detector""}]}"
scnav_count_waterfall_v1,proposal-bc5aaa7de8e947d7820ebfaef1c932b9,chair,,[],[],"[""raw_local_proposals""]",raw_local_proposals,"{""raw_local_proposals"":{""context"":{""observation_id"":null,""source_frame_id"":null,""source_view_id"":""p00_y03""},""proposal_lineage"":[{""backend"":""groundingdino_local"",""bbox"":[0.0716154,0.5043781,0.123652,0.6507547],""confidence"":0.25324323773384094,""disposition"":""retained"",""label"":""chair"",""proposal_id"":""proposal-bc5aaa7de8e947d7820ebfaef1c932b9"",""reason"":""raw_proposal"",""source"":""open_vocabulary_detector""},{""backend"":""groundingdino_local"",""bbox"":[0.0716154,0.5043781,0.123652,0.6507547],""box_iou"":0.922411,""confidence"":0.25324323773384094,""disposition"":""suppressed_as_duplicate"",""label"":""chair"",""proposal_id"":""proposal-bc5aaa7de8e947d7820ebfaef1c932b9"",""reason"":""box_iou_before_mask_union"",""source"":""open_vocabulary_detector""}]}}",eliminated,after_duplicate_suppression,suppressed_as_duplicate,"{""proposal_lineage"":[{""backend"":""groundingdino_local"",""bbox"":[0.0716154,0.5043781,0.123652,0.6507547],""confidence"":0.25324323773384094,""disposition"":""retained"",""label"":""chair"",""proposal_id"":""proposal-bc5aaa7de8e947d7820ebfaef1c932b9"",""reason"":""raw_proposal"",""source"":""open_vocabulary_detector""},{""backend"":""groundingdino_local"",""bbox"":[0.0716154,0.5043781,0.123652,0.6507547],""box_iou"":0.922411,""confidence"":0.25324323773384094,""disposition"":""suppressed_as_duplicate"",""label"":""chair"",""proposal_id"":""proposal-bc5aaa7de8e947d7820ebfaef1c932b9"",""reason"":""box_iou_before_mask_union"",""source"":""open_vocabulary_detector""}]}"
scnav_count_waterfall_v1,proposal-d574e198a80f4ef082829e086240e810,chair,,[],[],"[""raw_local_proposals""]",raw_local_proposals,"{""raw_local_proposals"":{""context"":{""observation_id"":""obs-889b3218a09fe161b0809b41"",""source_frame_id"":""panorama@1785259707.696271896"",""source_view_id"":""p00_y02""},""proposal_lineage"":[{""backend"":""yolo_world_local"",""bbox"":[0.3302734,0.503125,0.3904297,0.6619792],""confidence"":0.394287109375,""disposition"":""retained"",""label"":""chair"",""proposal_id"":""proposal-d574e198a80f4ef082829e086240e810"",""reason"":""raw_proposal"",""source"":""fixed_vocabulary_detector""},{""backend"":""yolo_world_local"",""bbox"":[0.3302734,0.503125,0.3904297,0.6619792],""box_iou"":0.8641969,""confidence"":0.394287109375,""disposition"":""suppressed_as_duplicate"",""label"":""chair"",""proposal_id"":""proposal-d574e198a80f4ef082829e086240e810"",""reason"":""box_iou_before_mask_union"",""source"":""fixed_vocabulary_detector""}]}}",eliminated,after_duplicate_suppression,suppressed_as_duplicate,"{""proposal_lineage"":[{""backend"":""yolo_world_local"",""bbox"":[0.3302734,0.503125,0.3904297,0.6619792],""confidence"":0.394287109375,""disposition"":""retained"",""label"":""chair"",""proposal_id"":""proposal-d574e198a80f4ef082829e086240e810"",""reason"":""raw_proposal"",""source"":""fixed_vocabulary_detector""},{""backend"":""yolo_world_local"",""bbox"":[0.3302734,0.503125,0.3904297,0.6619792],""box_iou"":0.8641969,""confidence"":0.394287109375,""disposition"":""suppressed_as_duplicate"",""label"":""chair"",""proposal_id"":""proposal-d574e198a80f4ef082829e086240e810"",""reason"":""box_iou_before_mask_union"",""source"":""fixed_vocabulary_detector""}]}"
scnav_count_waterfall_v1,proposal-ee445de85d384cdf8e198015a59e2c50,chair,,[],[],"[""raw_local_proposals"",""after_duplicate_suppression"",""after_mask_split""]",after_mask_split,"{""after_duplicate_suppression"":{""proposal_sources"":[""open_vocabulary_detector"",""fixed_vocabulary_detector""]},""after_mask_split"":{""mask_id"":null,""mask_quality"":null},""raw_local_proposals"":{""context"":{""observation_id"":null,""source_frame_id"":null,""source_view_id"":""p00_y04""},""proposal_lineage"":[{""backend"":""groundingdino_local"",""bbox"":[0.4984263,0.4609476,0.6542619,0.7672202],""confidence"":0.7858279943466187,""disposition"":""retained"",""label"":""chair"",""proposal_id"":""proposal-ee445de85d384cdf8e198015a59e2c50"",""reason"":""raw_proposal"",""source"":""open_vocabulary_detector""}]}}",eliminated,tracklets,invalid_depth,"{""provisional_reason"":""insufficient_mask_point_support""}"
scnav_count_waterfall_v1,proposal-f45298a26a8f4a3194bd15013992e1c9,chair,,[],[],"[""raw_local_proposals"",""after_duplicate_suppression"",""after_mask_split""]",after_mask_split,"{""after_duplicate_suppression"":{""proposal_sources"":[""open_vocabulary_detector""]},""after_mask_split"":{""mask_id"":null,""mask_quality"":null},""raw_local_proposals"":{""context"":{""observation_id"":null,""source_frame_id"":null,""source_view_id"":""p00_y03""},""proposal_lineage"":[{""backend"":""groundingdino_local"",""bbox"":[0.0913748,0.5045067,0.1946462,0.6585034],""confidence"":0.2862884998321533,""disposition"":""retained"",""label"":""chair"",""proposal_id"":""proposal-f45298a26a8f4a3194bd15013992e1c9"",""reason"":""raw_proposal"",""source"":""open_vocabulary_detector""}]}}",eliminated,tracklets,mask_quality_below_threshold,"{""provisional_reason"":""mask_quality_below_threshold""}"
scnav_count_waterfall_v1,proposal-f888eb42d6914d968155ed1b3978c5ce,chair,,[],[],"[""raw_local_proposals"",""after_duplicate_suppression"",""after_mask_split""]",after_mask_split,"{""after_duplicate_suppression"":{""proposal_sources"":[""open_vocabulary_detector""]},""after_mask_split"":{""mask_id"":null,""mask_quality"":null},""raw_local_proposals"":{""context"":{""observation_id"":null,""source_frame_id"":null,""source_view_id"":""p00_y03""},""proposal_lineage"":[{""backend"":""groundingdino_local"",""bbox"":[0.1454882,0.5041314,0.1944594,0.6530818],""confidence"":0.4587952196598053,""disposition"":""retained"",""label"":""chair"",""proposal_id"":""proposal-f888eb42d6914d968155ed1b3978c5ce"",""reason"":""raw_proposal"",""source"":""open_vocabulary_detector""}]}}",eliminated,tracklets,invalid_depth,"{""provisional_reason"":""insufficient_mask_point_support""}"
scnav_count_waterfall_v1,proposal-fd6b279265f3409e9c269972b79a8337,chair,,[],[],"[""raw_local_proposals"",""after_duplicate_suppression"",""after_mask_split""]",after_mask_split,"{""after_duplicate_suppression"":{""proposal_sources"":[""open_vocabulary_detector""]},""after_mask_split"":{""mask_id"":null,""mask_quality"":null},""raw_local_proposals"":{""context"":{""observation_id"":null,""source_frame_id"":null,""source_view_id"":""p00_y02""},""proposal_lineage"":[{""backend"":""groundingdino_local"",""bbox"":[0.5880185,0.5040912,0.6208043,0.6302126],""confidence"":0.533959686756134,""disposition"":""retained"",""label"":""chair"",""proposal_id"":""proposal-fd6b279265f3409e9c269972b79a8337"",""reason"":""raw_proposal"",""source"":""open_vocabulary_detector""}]}}",eliminated,tracklets,invalid_depth,"{""provisional_reason"":""insufficient_mask_point_support""}"
